Iteration,Total Energy (Ry),Estimated SCF Accuracy (Ry)
1,-57.59010641,8.57050880
2,-54.77872243,90.24384911
3,-63.16434532,2.12936424
4,-63.34202784,0.44020926
5,-63.41244093,0.06572166
11,-63.43557499,0.00001276
12,-63.43557981,0.00001241
13,-63.43557995,0.00000220
14,-63.43558023,0.00000005
15,-63.43558028,0.00000002
